figure,series,sf,version,name,rep,seconds,rows
fig7_10,duckdb_latencies,1,v0.8.0,customer,1,0.504,
fig7_10,duckdb_latencies,1,v0.8.0,customer,2,0.484,
fig7_10,duckdb_latencies,1,v0.8.0,customer,3,0.472,
fig7_10,duckdb_latencies,1,v0.8.0,part,1,0.785,
fig7_10,duckdb_latencies,1,v0.8.0,part,2,0.791,
fig7_10,duckdb_latencies,1,v0.8.0,part,3,0.801,
fig7_10,duckdb_latencies,1,v0.8.0,supplier,1,0.406,
fig7_10,duckdb_latencies,1,v0.8.0,supplier,2,0.404,
fig7_10,duckdb_latencies,1,v0.8.0,supplier,3,0.422,
fig7_10,duckdb_latencies,1,v0.8.0,date,1,,ERROR_BIGINT_TO_DATE
fig7_10,duckdb_latencies,1,v0.8.0,date,2,,ERROR_BIGINT_TO_DATE
fig7_10,duckdb_latencies,1,v0.8.0,date,3,,ERROR_BIGINT_TO_DATE
fig8,duckdb_ms,1,v0.8.0,selfjoin_orderkey,1,0.137,30012723
fig8,duckdb_ms,1,v0.8.0,selfjoin_orderkey,2,0.149,30012723
fig8,duckdb_ms,1,v0.8.0,selfjoin_orderkey,3,0.158,30012723
fig9,duckdb_distinct,1,v0.8.0,distinct_orderkey,1,0.103,
fig9,duckdb_distinct,1,v0.8.0,distinct_orderkey,2,0.123,
fig9,duckdb_distinct,1,v0.8.0,distinct_orderkey,3,0.129,
fig9,duckdb_where,1,v0.8.0,where_linenumber_3,1,0.148,
fig9,duckdb_where,1,v0.8.0,where_linenumber_3,2,0.144,
fig9,duckdb_where,1,v0.8.0,where_linenumber_3,3,0.153,
fig1_11,duckdb_cold,1,v0.8.0,Q1.1,1,,ERROR_BIGINT_TO_DATE
fig1_11,duckdb_cold,1,v0.8.0,Q1.1,2,,ERROR_BIGINT_TO_DATE
fig1_11,duckdb_cold,1,v0.8.0,Q1.1,3,,ERROR_BIGINT_TO_DATE
fig1_11,duckdb_cold,1,v0.8.0,Q1.2,1,,ERROR_BIGINT_TO_DATE
fig1_11,duckdb_cold,1,v0.8.0,Q1.2,2,,ERROR_BIGINT_TO_DATE
fig1_11,duckdb_cold,1,v0.8.0,Q1.2,3,,ERROR_BIGINT_TO_DATE
fig1_11,duckdb_cold,1,v0.8.0,Q1.3,1,,ERROR_BIGINT_TO_DATE
fig1_11,duckdb_cold,1,v0.8.0,Q1.3,2,,ERROR_BIGINT_TO_DATE
fig1_11,duckdb_cold,1,v0.8.0,Q1.3,3,,ERROR_BIGINT_TO_DATE
fig1_11,duckdb_cold,1,v0.8.0,Q2.1,1,,ERROR_BIGINT_TO_DATE
fig1_11,duckdb_cold,1,v0.8.0,Q2.1,2,,ERROR_BIGINT_TO_DATE
fig1_11,duckdb_cold,1,v0.8.0,Q2.1,3,,ERROR_BIGINT_TO_DATE
fig1_11,duckdb_cold,1,v0.8.0,Q2.2,1,,ERROR_BIGINT_TO_DATE
fig1_11,duckdb_cold,1,v0.8.0,Q2.2,2,,ERROR_BIGINT_TO_DATE
fig1_11,duckdb_cold,1,v0.8.0,Q2.2,3,,ERROR_BIGINT_TO_DATE
fig1_11,duckdb_cold,1,v0.8.0,Q2.3,1,,ERROR_BIGINT_TO_DATE
fig1_11,duckdb_cold,1,v0.8.0,Q2.3,2,,ERROR_BIGINT_TO_DATE
fig1_11,duckdb_cold,1,v0.8.0,Q2.3,3,,ERROR_BIGINT_TO_DATE
fig1_11,duckdb_cold,1,v0.8.0,Q3.1,1,,ERROR_BIGINT_TO_DATE
fig1_11,duckdb_cold,1,v0.8.0,Q3.1,2,,ERROR_BIGINT_TO_DATE
fig1_11,duckdb_cold,1,v0.8.0,Q3.1,3,,ERROR_BIGINT_TO_DATE
fig1_11,duckdb_cold,1,v0.8.0,Q3.2,1,,ERROR_BIGINT_TO_DATE
fig1_11,duckdb_cold,1,v0.8.0,Q3.2,2,,ERROR_BIGINT_TO_DATE
fig1_11,duckdb_cold,1,v0.8.0,Q3.2,3,,ERROR_BIGINT_TO_DATE
fig1_11,duckdb_cold,1,v0.8.0,Q3.3,1,,ERROR_BIGINT_TO_DATE
fig1_11,duckdb_cold,1,v0.8.0,Q3.3,2,,ERROR_BIGINT_TO_DATE
fig1_11,duckdb_cold,1,v0.8.0,Q3.3,3,,ERROR_BIGINT_TO_DATE
fig1_11,duckdb_cold,1,v0.8.0,Q3.4,1,,ERROR_BIGINT_TO_DATE
fig1_11,duckdb_cold,1,v0.8.0,Q3.4,2,,ERROR_BIGINT_TO_DATE
fig1_11,duckdb_cold,1,v0.8.0,Q3.4,3,,ERROR_BIGINT_TO_DATE
fig1_11,duckdb_cold,1,v0.8.0,Q4.1,1,,ERROR_BIGINT_TO_DATE
fig1_11,duckdb_cold,1,v0.8.0,Q4.1,2,,ERROR_BIGINT_TO_DATE
fig1_11,duckdb_cold,1,v0.8.0,Q4.1,3,,ERROR_BIGINT_TO_DATE
fig1_11,duckdb_cold,1,v0.8.0,Q4.2,1,,ERROR_BIGINT_TO_DATE
fig1_11,duckdb_cold,1,v0.8.0,Q4.2,2,,ERROR_BIGINT_TO_DATE
fig1_11,duckdb_cold,1,v0.8.0,Q4.2,3,,ERROR_BIGINT_TO_DATE
fig1_11,duckdb_cold,1,v0.8.0,Q4.3,1,,ERROR_BIGINT_TO_DATE
fig1_11,duckdb_cold,1,v0.8.0,Q4.3,2,,ERROR_BIGINT_TO_DATE
fig1_11,duckdb_cold,1,v0.8.0,Q4.3,3,,ERROR_BIGINT_TO_DATE
fig1_11,duckdb_warm,1,v0.8.0,Q1.1,1,,ERROR_BIGINT_TO_DATE
fig1_11,duckdb_warm,1,v0.8.0,Q1.1,2,,ERROR_BIGINT_TO_DATE
fig1_11,duckdb_warm,1,v0.8.0,Q1.1,3,,ERROR_BIGINT_TO_DATE
fig1_11,duckdb_warm,1,v0.8.0,Q1.2,1,,ERROR_BIGINT_TO_DATE
fig1_11,duckdb_warm,1,v0.8.0,Q1.2,2,,ERROR_BIGINT_TO_DATE
fig1_11,duckdb_warm,1,v0.8.0,Q1.2,3,,ERROR_BIGINT_TO_DATE
fig1_11,duckdb_warm,1,v0.8.0,Q1.3,1,,ERROR_BIGINT_TO_DATE
fig1_11,duckdb_warm,1,v0.8.0,Q1.3,2,,ERROR_BIGINT_TO_DATE
fig1_11,duckdb_warm,1,v0.8.0,Q1.3,3,,ERROR_BIGINT_TO_DATE
fig1_11,duckdb_warm,1,v0.8.0,Q2.1,1,,ERROR_BIGINT_TO_DATE
fig1_11,duckdb_warm,1,v0.8.0,Q2.1,2,,ERROR_BIGINT_TO_DATE
fig1_11,duckdb_warm,1,v0.8.0,Q2.1,3,,ERROR_BIGINT_TO_DATE
fig1_11,duckdb_warm,1,v0.8.0,Q2.2,1,,ERROR_BIGINT_TO_DATE
fig1_11,duckdb_warm,1,v0.8.0,Q2.2,2,,ERROR_BIGINT_TO_DATE
fig1_11,duckdb_warm,1,v0.8.0,Q2.2,3,,ERROR_BIGINT_TO_DATE
fig1_11,duckdb_warm,1,v0.8.0,Q2.3,1,,ERROR_BIGINT_TO_DATE
fig1_11,duckdb_warm,1,v0.8.0,Q2.3,2,,ERROR_BIGINT_TO_DATE
fig1_11,duckdb_warm,1,v0.8.0,Q2.3,3,,ERROR_BIGINT_TO_DATE
fig1_11,duckdb_warm,1,v0.8.0,Q3.1,1,,ERROR_BIGINT_TO_DATE
fig1_11,duckdb_warm,1,v0.8.0,Q3.1,2,,ERROR_BIGINT_TO_DATE
fig1_11,duckdb_warm,1,v0.8.0,Q3.1,3,,ERROR_BIGINT_TO_DATE
fig1_11,duckdb_warm,1,v0.8.0,Q3.2,1,,ERROR_BIGINT_TO_DATE
fig1_11,duckdb_warm,1,v0.8.0,Q3.2,2,,ERROR_BIGINT_TO_DATE
fig1_11,duckdb_warm,1,v0.8.0,Q3.2,3,,ERROR_BIGINT_TO_DATE
fig1_11,duckdb_warm,1,v0.8.0,Q3.3,1,,ERROR_BIGINT_TO_DATE
fig1_11,duckdb_warm,1,v0.8.0,Q3.3,2,,ERROR_BIGINT_TO_DATE
fig1_11,duckdb_warm,1,v0.8.0,Q3.3,3,,ERROR_BIGINT_TO_DATE
fig1_11,duckdb_warm,1,v0.8.0,Q3.4,1,,ERROR_BIGINT_TO_DATE
fig1_11,duckdb_warm,1,v0.8.0,Q3.4,2,,ERROR_BIGINT_TO_DATE
fig1_11,duckdb_warm,1,v0.8.0,Q3.4,3,,ERROR_BIGINT_TO_DATE
fig1_11,duckdb_warm,1,v0.8.0,Q4.1,1,,ERROR_BIGINT_TO_DATE
fig1_11,duckdb_warm,1,v0.8.0,Q4.1,2,,ERROR_BIGINT_TO_DATE
fig1_11,duckdb_warm,1,v0.8.0,Q4.1,3,,ERROR_BIGINT_TO_DATE
fig1_11,duckdb_warm,1,v0.8.0,Q4.2,1,,ERROR_BIGINT_TO_DATE
fig1_11,duckdb_warm,1,v0.8.0,Q4.2,2,,ERROR_BIGINT_TO_DATE
fig1_11,duckdb_warm,1,v0.8.0,Q4.2,3,,ERROR_BIGINT_TO_DATE
fig1_11,duckdb_warm,1,v0.8.0,Q4.3,1,,ERROR_BIGINT_TO_DATE
fig1_11,duckdb_warm,1,v0.8.0,Q4.3,2,,ERROR_BIGINT_TO_DATE
fig1_11,duckdb_warm,1,v0.8.0,Q4.3,3,,ERROR_BIGINT_TO_DATE
fig7_10,duckdb_latencies,1,v1.1.3,customer,1,0.391,
fig7_10,duckdb_latencies,1,v1.1.3,customer,2,0.405,
fig7_10,duckdb_latencies,1,v1.1.3,customer,3,0.388,
fig7_10,duckdb_latencies,1,v1.1.3,part,1,1.037,
fig7_10,duckdb_latencies,1,v1.1.3,part,2,1.021,
fig7_10,duckdb_latencies,1,v1.1.3,part,3,1.034,
fig7_10,duckdb_latencies,1,v1.1.3,supplier,1,0.349,
fig7_10,duckdb_latencies,1,v1.1.3,supplier,2,0.346,
fig7_10,duckdb_latencies,1,v1.1.3,supplier,3,0.354,
fig7_10,duckdb_latencies,1,v1.1.3,date,1,,ERROR_BIGINT_TO_DATE
fig7_10,duckdb_latencies,1,v1.1.3,date,2,,ERROR_BIGINT_TO_DATE
fig7_10,duckdb_latencies,1,v1.1.3,date,3,,ERROR_BIGINT_TO_DATE
fig8,duckdb_ms,1,v1.1.3,selfjoin_orderkey,1,0.126,30012723
fig8,duckdb_ms,1,v1.1.3,selfjoin_orderkey,2,0.127,30012723
fig8,duckdb_ms,1,v1.1.3,selfjoin_orderkey,3,0.133,30012723
fig9,duckdb_distinct,1,v1.1.3,distinct_orderkey,1,0.059,
fig9,duckdb_distinct,1,v1.1.3,distinct_orderkey,2,0.044,
fig9,duckdb_distinct,1,v1.1.3,distinct_orderkey,3,0.044,
fig9,duckdb_where,1,v1.1.3,where_linenumber_3,1,0.150,
fig9,duckdb_where,1,v1.1.3,where_linenumber_3,2,0.155,
fig9,duckdb_where,1,v1.1.3,where_linenumber_3,3,0.151,
fig1_11,duckdb_cold,1,v1.1.3,Q1.1,1,,ERROR_BIGINT_TO_DATE
fig1_11,duckdb_cold,1,v1.1.3,Q1.1,2,,ERROR_BIGINT_TO_DATE
fig1_11,duckdb_cold,1,v1.1.3,Q1.1,3,,ERROR_BIGINT_TO_DATE
fig1_11,duckdb_cold,1,v1.1.3,Q1.2,1,,ERROR_BIGINT_TO_DATE
fig1_11,duckdb_cold,1,v1.1.3,Q1.2,2,,ERROR_BIGINT_TO_DATE
fig1_11,duckdb_cold,1,v1.1.3,Q1.2,3,,ERROR_BIGINT_TO_DATE
fig1_11,duckdb_cold,1,v1.1.3,Q1.3,1,,ERROR_BIGINT_TO_DATE
fig1_11,duckdb_cold,1,v1.1.3,Q1.3,2,,ERROR_BIGINT_TO_DATE
fig1_11,duckdb_cold,1,v1.1.3,Q1.3,3,,ERROR_BIGINT_TO_DATE
fig1_11,duckdb_cold,1,v1.1.3,Q2.1,1,,ERROR_BIGINT_TO_DATE
fig1_11,duckdb_cold,1,v1.1.3,Q2.1,2,,ERROR_BIGINT_TO_DATE
fig1_11,duckdb_cold,1,v1.1.3,Q2.1,3,,ERROR_BIGINT_TO_DATE
fig1_11,duckdb_cold,1,v1.1.3,Q2.2,1,,ERROR_BIGINT_TO_DATE
fig1_11,duckdb_cold,1,v1.1.3,Q2.2,2,,ERROR_BIGINT_TO_DATE
fig1_11,duckdb_cold,1,v1.1.3,Q2.2,3,,ERROR_BIGINT_TO_DATE
fig1_11,duckdb_cold,1,v1.1.3,Q2.3,1,,ERROR_BIGINT_TO_DATE
fig1_11,duckdb_cold,1,v1.1.3,Q2.3,2,,ERROR_BIGINT_TO_DATE
fig1_11,duckdb_cold,1,v1.1.3,Q2.3,3,,ERROR_BIGINT_TO_DATE
fig1_11,duckdb_cold,1,v1.1.3,Q3.1,1,,ERROR_BIGINT_TO_DATE
fig1_11,duckdb_cold,1,v1.1.3,Q3.1,2,,ERROR_BIGINT_TO_DATE
fig1_11,duckdb_cold,1,v1.1.3,Q3.1,3,,ERROR_BIGINT_TO_DATE
fig1_11,duckdb_cold,1,v1.1.3,Q3.2,1,,ERROR_BIGINT_TO_DATE
fig1_11,duckdb_cold,1,v1.1.3,Q3.2,2,,ERROR_BIGINT_TO_DATE
fig1_11,duckdb_cold,1,v1.1.3,Q3.2,3,,ERROR_BIGINT_TO_DATE
fig1_11,duckdb_cold,1,v1.1.3,Q3.3,1,,ERROR_BIGINT_TO_DATE
fig1_11,duckdb_cold,1,v1.1.3,Q3.3,2,,ERROR_BIGINT_TO_DATE
fig1_11,duckdb_cold,1,v1.1.3,Q3.3,3,,ERROR_BIGINT_TO_DATE
fig1_11,duckdb_cold,1,v1.1.3,Q3.4,1,,ERROR_BIGINT_TO_DATE
fig1_11,duckdb_cold,1,v1.1.3,Q3.4,2,,ERROR_BIGINT_TO_DATE
fig1_11,duckdb_cold,1,v1.1.3,Q3.4,3,,ERROR_BIGINT_TO_DATE
fig1_11,duckdb_cold,1,v1.1.3,Q4.1,1,,ERROR_BIGINT_TO_DATE
fig1_11,duckdb_cold,1,v1.1.3,Q4.1,2,,ERROR_BIGINT_TO_DATE
fig1_11,duckdb_cold,1,v1.1.3,Q4.1,3,,ERROR_BIGINT_TO_DATE
fig1_11,duckdb_cold,1,v1.1.3,Q4.2,1,,ERROR_BIGINT_TO_DATE
fig1_11,duckdb_cold,1,v1.1.3,Q4.2,2,,ERROR_BIGINT_TO_DATE
fig1_11,duckdb_cold,1,v1.1.3,Q4.2,3,,ERROR_BIGINT_TO_DATE
fig1_11,duckdb_cold,1,v1.1.3,Q4.3,1,,ERROR_BIGINT_TO_DATE
fig1_11,duckdb_cold,1,v1.1.3,Q4.3,2,,ERROR_BIGINT_TO_DATE
fig1_11,duckdb_cold,1,v1.1.3,Q4.3,3,,ERROR_BIGINT_TO_DATE
fig1_11,duckdb_warm,1,v1.1.3,Q1.1,1,,ERROR_BIGINT_TO_DATE
fig1_11,duckdb_warm,1,v1.1.3,Q1.1,2,,ERROR_BIGINT_TO_DATE
fig1_11,duckdb_warm,1,v1.1.3,Q1.1,3,,ERROR_BIGINT_TO_DATE
fig1_11,duckdb_warm,1,v1.1.3,Q1.2,1,,ERROR_BIGINT_TO_DATE
fig1_11,duckdb_warm,1,v1.1.3,Q1.2,2,,ERROR_BIGINT_TO_DATE
fig1_11,duckdb_warm,1,v1.1.3,Q1.2,3,,ERROR_BIGINT_TO_DATE
fig1_11,duckdb_warm,1,v1.1.3,Q1.3,1,,ERROR_BIGINT_TO_DATE
fig1_11,duckdb_warm,1,v1.1.3,Q1.3,2,,ERROR_BIGINT_TO_DATE
fig1_11,duckdb_warm,1,v1.1.3,Q1.3,3,,ERROR_BIGINT_TO_DATE
fig1_11,duckdb_warm,1,v1.1.3,Q2.1,1,,ERROR_BIGINT_TO_DATE
fig1_11,duckdb_warm,1,v1.1.3,Q2.1,2,,ERROR_BIGINT_TO_DATE
fig1_11,duckdb_warm,1,v1.1.3,Q2.1,3,,ERROR_BIGINT_TO_DATE
fig1_11,duckdb_warm,1,v1.1.3,Q2.2,1,,ERROR_BIGINT_TO_DATE
fig1_11,duckdb_warm,1,v1.1.3,Q2.2,2,,ERROR_BIGINT_TO_DATE
fig1_11,duckdb_warm,1,v1.1.3,Q2.2,3,,ERROR_BIGINT_TO_DATE
fig1_11,duckdb_warm,1,v1.1.3,Q2.3,1,,ERROR_BIGINT_TO_DATE
fig1_11,duckdb_warm,1,v1.1.3,Q2.3,2,,ERROR_BIGINT_TO_DATE
fig1_11,duckdb_warm,1,v1.1.3,Q2.3,3,,ERROR_BIGINT_TO_DATE
fig1_11,duckdb_warm,1,v1.1.3,Q3.1,1,,ERROR_BIGINT_TO_DATE
fig1_11,duckdb_warm,1,v1.1.3,Q3.1,2,,ERROR_BIGINT_TO_DATE
fig1_11,duckdb_warm,1,v1.1.3,Q3.1,3,,ERROR_BIGINT_TO_DATE
fig1_11,duckdb_warm,1,v1.1.3,Q3.2,1,,ERROR_BIGINT_TO_DATE
fig1_11,duckdb_warm,1,v1.1.3,Q3.2,2,,ERROR_BIGINT_TO_DATE
fig1_11,duckdb_warm,1,v1.1.3,Q3.2,3,,ERROR_BIGINT_TO_DATE
fig1_11,duckdb_warm,1,v1.1.3,Q3.3,1,,ERROR_BIGINT_TO_DATE
fig1_11,duckdb_warm,1,v1.1.3,Q3.3,2,,ERROR_BIGINT_TO_DATE
fig1_11,duckdb_warm,1,v1.1.3,Q3.3,3,,ERROR_BIGINT_TO_DATE
fig1_11,duckdb_warm,1,v1.1.3,Q3.4,1,,ERROR_BIGINT_TO_DATE
fig1_11,duckdb_warm,1,v1.1.3,Q3.4,2,,ERROR_BIGINT_TO_DATE
fig1_11,duckdb_warm,1,v1.1.3,Q3.4,3,,ERROR_BIGINT_TO_DATE
fig1_11,duckdb_warm,1,v1.1.3,Q4.1,1,,ERROR_BIGINT_TO_DATE
fig1_11,duckdb_warm,1,v1.1.3,Q4.1,2,,ERROR_BIGINT_TO_DATE
fig1_11,duckdb_warm,1,v1.1.3,Q4.1,3,,ERROR_BIGINT_TO_DATE
fig1_11,duckdb_warm,1,v1.1.3,Q4.2,1,,ERROR_BIGINT_TO_DATE
fig1_11,duckdb_warm,1,v1.1.3,Q4.2,2,,ERROR_BIGINT_TO_DATE
fig1_11,duckdb_warm,1,v1.1.3,Q4.2,3,,ERROR_BIGINT_TO_DATE
fig1_11,duckdb_warm,1,v1.1.3,Q4.3,1,,ERROR_BIGINT_TO_DATE
fig1_11,duckdb_warm,1,v1.1.3,Q4.3,2,,ERROR_BIGINT_TO_DATE
fig1_11,duckdb_warm,1,v1.1.3,Q4.3,3,,ERROR_BIGINT_TO_DATE
fig7_10,duckdb_latencies,10,v0.8.0,customer,1,0.014,
fig7_10,duckdb_latencies,10,v0.8.0,customer,2,0.013,
fig7_10,duckdb_latencies,10,v0.8.0,customer,3,0.014,
fig7_10,duckdb_latencies,10,v0.8.0,part,1,5.050,
fig7_10,duckdb_latencies,10,v0.8.0,part,2,5.097,
fig7_10,duckdb_latencies,10,v0.8.0,part,3,5.077,
fig7_10,duckdb_latencies,10,v0.8.0,supplier,1,3.395,
fig7_10,duckdb_latencies,10,v0.8.0,supplier,2,3.311,
fig7_10,duckdb_latencies,10,v0.8.0,supplier,3,3.326,
fig7_10,duckdb_latencies,10,v0.8.0,date,1,,ERROR_BIGINT_TO_DATE
fig7_10,duckdb_latencies,10,v0.8.0,date,2,,ERROR_BIGINT_TO_DATE
fig7_10,duckdb_latencies,10,v0.8.0,date,3,,ERROR_BIGINT_TO_DATE
fig8,duckdb_ms,10,v0.8.0,selfjoin_orderkey,1,0.959,257776538
fig8,duckdb_ms,10,v0.8.0,selfjoin_orderkey,2,0.980,257776538
fig8,duckdb_ms,10,v0.8.0,selfjoin_orderkey,3,0.988,257776538
fig9,duckdb_distinct,10,v0.8.0,distinct_orderkey,1,0.575,
fig9,duckdb_distinct,10,v0.8.0,distinct_orderkey,2,0.567,
fig9,duckdb_distinct,10,v0.8.0,distinct_orderkey,3,0.587,
fig9,duckdb_where,10,v0.8.0,where_linenumber_3,1,1.603,
fig9,duckdb_where,10,v0.8.0,where_linenumber_3,2,1.730,
fig9,duckdb_where,10,v0.8.0,where_linenumber_3,3,1.597,
fig1_11,duckdb_cold,10,v0.8.0,Q1.1,1,,ERROR_BIGINT_TO_DATE
fig1_11,duckdb_cold,10,v0.8.0,Q1.1,2,,ERROR_BIGINT_TO_DATE
fig1_11,duckdb_cold,10,v0.8.0,Q1.1,3,,ERROR_BIGINT_TO_DATE
fig1_11,duckdb_cold,10,v0.8.0,Q1.2,1,,ERROR_BIGINT_TO_DATE
fig1_11,duckdb_cold,10,v0.8.0,Q1.2,2,,ERROR_BIGINT_TO_DATE
fig1_11,duckdb_cold,10,v0.8.0,Q1.2,3,,ERROR_BIGINT_TO_DATE
fig1_11,duckdb_cold,10,v0.8.0,Q1.3,1,,ERROR_BIGINT_TO_DATE
fig1_11,duckdb_cold,10,v0.8.0,Q1.3,2,,ERROR_BIGINT_TO_DATE
fig1_11,duckdb_cold,10,v0.8.0,Q1.3,3,,ERROR_BIGINT_TO_DATE
fig1_11,duckdb_cold,10,v0.8.0,Q2.1,1,,ERROR_BIGINT_TO_DATE
fig1_11,duckdb_cold,10,v0.8.0,Q2.1,2,,ERROR_BIGINT_TO_DATE
fig1_11,duckdb_cold,10,v0.8.0,Q2.1,3,,ERROR_BIGINT_TO_DATE
fig1_11,duckdb_cold,10,v0.8.0,Q2.2,1,,ERROR_BIGINT_TO_DATE
fig1_11,duckdb_cold,10,v0.8.0,Q2.2,2,,ERROR_BIGINT_TO_DATE
fig1_11,duckdb_cold,10,v0.8.0,Q2.2,3,,ERROR_BIGINT_TO_DATE
fig1_11,duckdb_cold,10,v0.8.0,Q2.3,1,,ERROR_BIGINT_TO_DATE
fig1_11,duckdb_cold,10,v0.8.0,Q2.3,2,,ERROR_BIGINT_TO_DATE
fig1_11,duckdb_cold,10,v0.8.0,Q2.3,3,,ERROR_BIGINT_TO_DATE
fig1_11,duckdb_cold,10,v0.8.0,Q3.1,1,,ERROR_BIGINT_TO_DATE
fig1_11,duckdb_cold,10,v0.8.0,Q3.1,2,,ERROR_BIGINT_TO_DATE
fig1_11,duckdb_cold,10,v0.8.0,Q3.1,3,,ERROR_BIGINT_TO_DATE
fig1_11,duckdb_cold,10,v0.8.0,Q3.2,1,,ERROR_BIGINT_TO_DATE
fig1_11,duckdb_cold,10,v0.8.0,Q3.2,2,,ERROR_BIGINT_TO_DATE
fig1_11,duckdb_cold,10,v0.8.0,Q3.2,3,,ERROR_BIGINT_TO_DATE
fig1_11,duckdb_cold,10,v0.8.0,Q3.3,1,,ERROR_BIGINT_TO_DATE
fig1_11,duckdb_cold,10,v0.8.0,Q3.3,2,,ERROR_BIGINT_TO_DATE
fig1_11,duckdb_cold,10,v0.8.0,Q3.3,3,,ERROR_BIGINT_TO_DATE
fig1_11,duckdb_cold,10,v0.8.0,Q3.4,1,,ERROR_BIGINT_TO_DATE
fig1_11,duckdb_cold,10,v0.8.0,Q3.4,2,,ERROR_BIGINT_TO_DATE
fig1_11,duckdb_cold,10,v0.8.0,Q3.4,3,,ERROR_BIGINT_TO_DATE
fig1_11,duckdb_cold,10,v0.8.0,Q4.1,1,,ERROR_BIGINT_TO_DATE
fig1_11,duckdb_cold,10,v0.8.0,Q4.1,2,,ERROR_BIGINT_TO_DATE
fig1_11,duckdb_cold,10,v0.8.0,Q4.1,3,,ERROR_BIGINT_TO_DATE
fig1_11,duckdb_cold,10,v0.8.0,Q4.2,1,,ERROR_BIGINT_TO_DATE
fig1_11,duckdb_cold,10,v0.8.0,Q4.2,2,,ERROR_BIGINT_TO_DATE
fig1_11,duckdb_cold,10,v0.8.0,Q4.2,3,,ERROR_BIGINT_TO_DATE
fig1_11,duckdb_cold,10,v0.8.0,Q4.3,1,,ERROR_BIGINT_TO_DATE
fig1_11,duckdb_cold,10,v0.8.0,Q4.3,2,,ERROR_BIGINT_TO_DATE
fig1_11,duckdb_cold,10,v0.8.0,Q4.3,3,,ERROR_BIGINT_TO_DATE
fig1_11,duckdb_warm,10,v0.8.0,Q1.1,1,,ERROR_BIGINT_TO_DATE
fig1_11,duckdb_warm,10,v0.8.0,Q1.1,2,,ERROR_BIGINT_TO_DATE
fig1_11,duckdb_warm,10,v0.8.0,Q1.1,3,,ERROR_BIGINT_TO_DATE
fig1_11,duckdb_warm,10,v0.8.0,Q1.2,1,,ERROR_BIGINT_TO_DATE
fig1_11,duckdb_warm,10,v0.8.0,Q1.2,2,,ERROR_BIGINT_TO_DATE
fig1_11,duckdb_warm,10,v0.8.0,Q1.2,3,,ERROR_BIGINT_TO_DATE
fig1_11,duckdb_warm,10,v0.8.0,Q1.3,1,,ERROR_BIGINT_TO_DATE
fig1_11,duckdb_warm,10,v0.8.0,Q1.3,2,,ERROR_BIGINT_TO_DATE
fig1_11,duckdb_warm,10,v0.8.0,Q1.3,3,,ERROR_BIGINT_TO_DATE
fig1_11,duckdb_warm,10,v0.8.0,Q2.1,1,,ERROR_BIGINT_TO_DATE
fig1_11,duckdb_warm,10,v0.8.0,Q2.1,2,,ERROR_BIGINT_TO_DATE
fig1_11,duckdb_warm,10,v0.8.0,Q2.1,3,,ERROR_BIGINT_TO_DATE
fig1_11,duckdb_warm,10,v0.8.0,Q2.2,1,,ERROR_BIGINT_TO_DATE
fig1_11,duckdb_warm,10,v0.8.0,Q2.2,2,,ERROR_BIGINT_TO_DATE
fig1_11,duckdb_warm,10,v0.8.0,Q2.2,3,,ERROR_BIGINT_TO_DATE
fig1_11,duckdb_warm,10,v0.8.0,Q2.3,1,,ERROR_BIGINT_TO_DATE
fig1_11,duckdb_warm,10,v0.8.0,Q2.3,2,,ERROR_BIGINT_TO_DATE
fig1_11,duckdb_warm,10,v0.8.0,Q2.3,3,,ERROR_BIGINT_TO_DATE
fig1_11,duckdb_warm,10,v0.8.0,Q3.1,1,,ERROR_BIGINT_TO_DATE
fig1_11,duckdb_warm,10,v0.8.0,Q3.1,2,,ERROR_BIGINT_TO_DATE
fig1_11,duckdb_warm,10,v0.8.0,Q3.1,3,,ERROR_BIGINT_TO_DATE
fig1_11,duckdb_warm,10,v0.8.0,Q3.2,1,,ERROR_BIGINT_TO_DATE
fig1_11,duckdb_warm,10,v0.8.0,Q3.2,2,,ERROR_BIGINT_TO_DATE
fig1_11,duckdb_warm,10,v0.8.0,Q3.2,3,,ERROR_BIGINT_TO_DATE
fig1_11,duckdb_warm,10,v0.8.0,Q3.3,1,,ERROR_BIGINT_TO_DATE
fig1_11,duckdb_warm,10,v0.8.0,Q3.3,2,,ERROR_BIGINT_TO_DATE
fig1_11,duckdb_warm,10,v0.8.0,Q3.3,3,,ERROR_BIGINT_TO_DATE
fig1_11,duckdb_warm,10,v0.8.0,Q3.4,1,,ERROR_BIGINT_TO_DATE
fig1_11,duckdb_warm,10,v0.8.0,Q3.4,2,,ERROR_BIGINT_TO_DATE
fig1_11,duckdb_warm,10,v0.8.0,Q3.4,3,,ERROR_BIGINT_TO_DATE
fig1_11,duckdb_warm,10,v0.8.0,Q4.1,1,,ERROR_BIGINT_TO_DATE
fig1_11,duckdb_warm,10,v0.8.0,Q4.1,2,,ERROR_BIGINT_TO_DATE
fig1_11,duckdb_warm,10,v0.8.0,Q4.1,3,,ERROR_BIGINT_TO_DATE
fig1_11,duckdb_warm,10,v0.8.0,Q4.2,1,,ERROR_BIGINT_TO_DATE
fig1_11,duckdb_warm,10,v0.8.0,Q4.2,2,,ERROR_BIGINT_TO_DATE
fig1_11,duckdb_warm,10,v0.8.0,Q4.2,3,,ERROR_BIGINT_TO_DATE
fig1_11,duckdb_warm,10,v0.8.0,Q4.3,1,,ERROR_BIGINT_TO_DATE
fig1_11,duckdb_warm,10,v0.8.0,Q4.3,2,,ERROR_BIGINT_TO_DATE
fig1_11,duckdb_warm,10,v0.8.0,Q4.3,3,,ERROR_BIGINT_TO_DATE
fig7_10,duckdb_latencies,10,v1.1.3,customer,1,2.981,
fig7_10,duckdb_latencies,10,v1.1.3,customer,2,3.102,
fig7_10,duckdb_latencies,10,v1.1.3,customer,3,3.086,
fig7_10,duckdb_latencies,10,v1.1.3,part,1,6.787,
fig7_10,duckdb_latencies,10,v1.1.3,part,2,6.759,
fig7_10,duckdb_latencies,10,v1.1.3,part,3,6.875,
fig7_10,duckdb_latencies,10,v1.1.3,supplier,1,3.032,
fig7_10,duckdb_latencies,10,v1.1.3,supplier,2,2.991,
fig7_10,duckdb_latencies,10,v1.1.3,supplier,3,2.921,
fig7_10,duckdb_latencies,10,v1.1.3,date,1,,ERROR_BIGINT_TO_DATE
fig7_10,duckdb_latencies,10,v1.1.3,date,2,,ERROR_BIGINT_TO_DATE
fig7_10,duckdb_latencies,10,v1.1.3,date,3,,ERROR_BIGINT_TO_DATE
fig8,duckdb_ms,10,v1.1.3,selfjoin_orderkey,1,0.862,257776538
fig8,duckdb_ms,10,v1.1.3,selfjoin_orderkey,2,0.860,257776538
fig8,duckdb_ms,10,v1.1.3,selfjoin_orderkey,3,0.871,257776538
fig9,duckdb_distinct,10,v1.1.3,distinct_orderkey,1,0.334,
fig9,duckdb_distinct,10,v1.1.3,distinct_orderkey,2,0.316,
fig9,duckdb_distinct,10,v1.1.3,distinct_orderkey,3,0.333,
fig9,duckdb_where,10,v1.1.3,where_linenumber_3,1,1.163,
fig9,duckdb_where,10,v1.1.3,where_linenumber_3,2,1.096,
fig9,duckdb_where,10,v1.1.3,where_linenumber_3,3,1.088,
fig1_11,duckdb_cold,10,v1.1.3,Q1.1,1,,ERROR_BIGINT_TO_DATE
fig1_11,duckdb_cold,10,v1.1.3,Q1.1,2,,ERROR_BIGINT_TO_DATE
fig1_11,duckdb_cold,10,v1.1.3,Q1.1,3,,ERROR_BIGINT_TO_DATE
fig1_11,duckdb_cold,10,v1.1.3,Q1.2,1,,ERROR_BIGINT_TO_DATE
fig1_11,duckdb_cold,10,v1.1.3,Q1.2,2,,ERROR_BIGINT_TO_DATE
fig1_11,duckdb_cold,10,v1.1.3,Q1.2,3,,ERROR_BIGINT_TO_DATE
fig1_11,duckdb_cold,10,v1.1.3,Q1.3,1,,ERROR_BIGINT_TO_DATE
fig1_11,duckdb_cold,10,v1.1.3,Q1.3,2,,ERROR_BIGINT_TO_DATE
fig1_11,duckdb_cold,10,v1.1.3,Q1.3,3,,ERROR_BIGINT_TO_DATE
fig1_11,duckdb_cold,10,v1.1.3,Q2.1,1,,ERROR_BIGINT_TO_DATE
fig1_11,duckdb_cold,10,v1.1.3,Q2.1,2,,ERROR_BIGINT_TO_DATE
fig1_11,duckdb_cold,10,v1.1.3,Q2.1,3,,ERROR_BIGINT_TO_DATE
fig1_11,duckdb_cold,10,v1.1.3,Q2.2,1,,ERROR_BIGINT_TO_DATE
fig1_11,duckdb_cold,10,v1.1.3,Q2.2,2,,ERROR_BIGINT_TO_DATE
fig1_11,duckdb_cold,10,v1.1.3,Q2.2,3,,ERROR_BIGINT_TO_DATE
fig1_11,duckdb_cold,10,v1.1.3,Q2.3,1,,ERROR_BIGINT_TO_DATE
fig1_11,duckdb_cold,10,v1.1.3,Q2.3,2,,ERROR_BIGINT_TO_DATE
fig1_11,duckdb_cold,10,v1.1.3,Q2.3,3,,ERROR_BIGINT_TO_DATE
fig1_11,duckdb_cold,10,v1.1.3,Q3.1,1,,ERROR_BIGINT_TO_DATE
fig1_11,duckdb_cold,10,v1.1.3,Q3.1,2,,ERROR_BIGINT_TO_DATE
fig1_11,duckdb_cold,10,v1.1.3,Q3.1,3,,ERROR_BIGINT_TO_DATE
fig1_11,duckdb_cold,10,v1.1.3,Q3.2,1,,ERROR_BIGINT_TO_DATE
fig1_11,duckdb_cold,10,v1.1.3,Q3.2,2,,ERROR_BIGINT_TO_DATE
fig1_11,duckdb_cold,10,v1.1.3,Q3.2,3,,ERROR_BIGINT_TO_DATE
fig1_11,duckdb_cold,10,v1.1.3,Q3.3,1,,ERROR_BIGINT_TO_DATE
fig1_11,duckdb_cold,10,v1.1.3,Q3.3,2,,ERROR_BIGINT_TO_DATE
fig1_11,duckdb_cold,10,v1.1.3,Q3.3,3,,ERROR_BIGINT_TO_DATE
fig1_11,duckdb_cold,10,v1.1.3,Q3.4,1,,ERROR_BIGINT_TO_DATE
fig1_11,duckdb_cold,10,v1.1.3,Q3.4,2,,ERROR_BIGINT_TO_DATE
fig1_11,duckdb_cold,10,v1.1.3,Q3.4,3,,ERROR_BIGINT_TO_DATE
fig1_11,duckdb_cold,10,v1.1.3,Q4.1,1,,ERROR_BIGINT_TO_DATE
fig1_11,duckdb_cold,10,v1.1.3,Q4.1,2,,ERROR_BIGINT_TO_DATE
fig1_11,duckdb_cold,10,v1.1.3,Q4.1,3,,ERROR_BIGINT_TO_DATE
fig1_11,duckdb_cold,10,v1.1.3,Q4.2,1,,ERROR_BIGINT_TO_DATE
fig1_11,duckdb_cold,10,v1.1.3,Q4.2,2,,ERROR_BIGINT_TO_DATE
fig1_11,duckdb_cold,10,v1.1.3,Q4.2,3,,ERROR_BIGINT_TO_DATE
fig1_11,duckdb_cold,10,v1.1.3,Q4.3,1,,ERROR_BIGINT_TO_DATE
fig1_11,duckdb_cold,10,v1.1.3,Q4.3,2,,ERROR_BIGINT_TO_DATE
fig1_11,duckdb_cold,10,v1.1.3,Q4.3,3,,ERROR_BIGINT_TO_DATE
fig1_11,duckdb_warm,10,v1.1.3,Q1.1,1,,ERROR_BIGINT_TO_DATE
fig1_11,duckdb_warm,10,v1.1.3,Q1.1,2,,ERROR_BIGINT_TO_DATE
fig1_11,duckdb_warm,10,v1.1.3,Q1.1,3,,ERROR_BIGINT_TO_DATE
fig1_11,duckdb_warm,10,v1.1.3,Q1.2,1,,ERROR_BIGINT_TO_DATE
fig1_11,duckdb_warm,10,v1.1.3,Q1.2,2,,ERROR_BIGINT_TO_DATE
fig1_11,duckdb_warm,10,v1.1.3,Q1.2,3,,ERROR_BIGINT_TO_DATE
fig1_11,duckdb_warm,10,v1.1.3,Q1.3,1,,ERROR_BIGINT_TO_DATE
fig1_11,duckdb_warm,10,v1.1.3,Q1.3,2,,ERROR_BIGINT_TO_DATE
fig1_11,duckdb_warm,10,v1.1.3,Q1.3,3,,ERROR_BIGINT_TO_DATE
fig1_11,duckdb_warm,10,v1.1.3,Q2.1,1,,ERROR_BIGINT_TO_DATE
fig1_11,duckdb_warm,10,v1.1.3,Q2.1,2,,ERROR_BIGINT_TO_DATE
fig1_11,duckdb_warm,10,v1.1.3,Q2.1,3,,ERROR_BIGINT_TO_DATE
fig1_11,duckdb_warm,10,v1.1.3,Q2.2,1,,ERROR_BIGINT_TO_DATE
fig1_11,duckdb_warm,10,v1.1.3,Q2.2,2,,ERROR_BIGINT_TO_DATE
fig1_11,duckdb_warm,10,v1.1.3,Q2.2,3,,ERROR_BIGINT_TO_DATE
fig1_11,duckdb_warm,10,v1.1.3,Q2.3,1,,ERROR_BIGINT_TO_DATE
fig1_11,duckdb_warm,10,v1.1.3,Q2.3,2,,ERROR_BIGINT_TO_DATE
fig1_11,duckdb_warm,10,v1.1.3,Q2.3,3,,ERROR_BIGINT_TO_DATE
fig1_11,duckdb_warm,10,v1.1.3,Q3.1,1,,ERROR_BIGINT_TO_DATE
fig1_11,duckdb_warm,10,v1.1.3,Q3.1,2,,ERROR_BIGINT_TO_DATE
fig1_11,duckdb_warm,10,v1.1.3,Q3.1,3,,ERROR_BIGINT_TO_DATE
fig1_11,duckdb_warm,10,v1.1.3,Q3.2,1,,ERROR_BIGINT_TO_DATE
fig1_11,duckdb_warm,10,v1.1.3,Q3.2,2,,ERROR_BIGINT_TO_DATE
fig1_11,duckdb_warm,10,v1.1.3,Q3.2,3,,ERROR_BIGINT_TO_DATE
fig1_11,duckdb_warm,10,v1.1.3,Q3.3,1,,ERROR_BIGINT_TO_DATE
fig1_11,duckdb_warm,10,v1.1.3,Q3.3,2,,ERROR_BIGINT_TO_DATE
fig1_11,duckdb_warm,10,v1.1.3,Q3.3,3,,ERROR_BIGINT_TO_DATE
fig1_11,duckdb_warm,10,v1.1.3,Q3.4,1,,ERROR_BIGINT_TO_DATE
fig1_11,duckdb_warm,10,v1.1.3,Q3.4,2,,ERROR_BIGINT_TO_DATE
fig1_11,duckdb_warm,10,v1.1.3,Q3.4,3,,ERROR_BIGINT_TO_DATE
fig1_11,duckdb_warm,10,v1.1.3,Q4.1,1,,ERROR_BIGINT_TO_DATE
fig1_11,duckdb_warm,10,v1.1.3,Q4.1,2,,ERROR_BIGINT_TO_DATE
fig1_11,duckdb_warm,10,v1.1.3,Q4.1,3,,ERROR_BIGINT_TO_DATE
fig1_11,duckdb_warm,10,v1.1.3,Q4.2,1,,ERROR_BIGINT_TO_DATE
fig1_11,duckdb_warm,10,v1.1.3,Q4.2,2,,ERROR_BIGINT_TO_DATE
fig1_11,duckdb_warm,10,v1.1.3,Q4.2,3,,ERROR_BIGINT_TO_DATE
fig1_11,duckdb_warm,10,v1.1.3,Q4.3,1,,ERROR_BIGINT_TO_DATE
fig1_11,duckdb_warm,10,v1.1.3,Q4.3,2,,ERROR_BIGINT_TO_DATE
fig1_11,duckdb_warm,10,v1.1.3,Q4.3,3,,ERROR_BIGINT_TO_DATE
